Correct Item,Correct Item Value,RH #1,RH #1 Value,RH #2,RH #2 Value,RH #3,RH #3 Value,RH #4,RH #4 Value,Result
bus,0.99921775,bread,2.2540651e-05,cat,6.8864592e-06,turnstone,1.3606936e-07,tupperware,0.0007527418,PASS!
car,0.99321246,wallaby,0.00048594965,tool,0.0017839528,stove,0.0034939894,lamp,0.0010236469,PASS!
book,0.8508631,carp,0.025679583,aardvark,0.0023960473,vas,0.114544794,minnow,0.006516667,PASS!
cow,0.99534386,silverfish,0.00094365183,cake,0.0025237158,canary,0.0001306558,stool,0.0010581863,PASS!
-,-,-,-,-,-,-,-,-,-,-
