Correct Item,Correct Item Value,RH #1,RH #1 Value,RH #2,RH #2 Value,RH #3,RH #3 Value,RH #4,RH #4 Value,Result
cow,0.97941786,silverware,0.00016710135,chili,0.020041669,jawless fish,0.000285099,clam,8.821315e-05,PASS!
apple,0.7155217,aluminum,0.0024670763,iguana,0.0055277995,walleye,0.00010971504,book,0.27637377,PASS!
cat,0.048374172,player,0.00045530172,crow,0.0057211067,sofa,0.9453413,kite,0.00010801913,FAIL!
armchair.,0.92783815,aardvark,0.0064446907,vacuum,0.011251161,rat,0.0526392,soil,0.0018267758,PASS!
-,-,-,-,-,-,-,-,-,-,-
